<?xml version="1.0" encoding="UTF-8"?>
<project-private xmlns="http://www.netbeans.org/ns/project-private/1">
    <editor-bookmarks xmlns="http://www.netbeans.org/ns/editor-bookmarks/2" lastBookmarkId="0"/>
    <open-files xmlns="http://www.netbeans.org/ns/projectui-open-files/2">
        <group>
            <file>file:/C:/Users/Salas/Documents/git/clase3-2do-ricardoifc/ManejoArchivos/src/manejoescrituraarchivos/PruebaCrearArchivo1.java</file>
            <file>file:/C:/Users/Salas/Documents/git/clase3-2do-ricardoifc/ManejoArchivos/src/manejoEscrituraArchivos2/CrearArchivo.java</file>
            <file>file:/C:/Users/Salas/Documents/git/clase3-2do-ricardoifc/ManejoArchivos/src/manejoescrituraarchivos/CrearArchivoTexto.java</file>
            <file>file:/C:/Users/Salas/Documents/git/clase3-2do-ricardoifc/ManejoArchivos/src/manejoEscrituraArchivos2/Principal.java</file>
            <file>file:/C:/Users/Salas/Documents/git/clase3-2do-ricardoifc/ManejoArchivos/src/manejolecturaarchivos/PruebaLeerArchivoTexto.java</file>
            <file>file:/C:/Users/Salas/Documents/git/clase3-2do-ricardoifc/ManejoArchivos/src/manejoescrituraarchivos/PruebaCrearArchivoTexto.java</file>
            <file>file:/C:/Users/Salas/Documents/git/clase3-2do-ricardoifc/ManejoArchivos/src/manejolecturaarchivos/LeerArchivoTexto.java</file>
        </group>
    </open-files>
</project-private>
