<?xml version="1.0" encoding="UTF-8"?>
<project-private xmlns="http://www.netbeans.org/ns/project-private/1">
    <editor-bookmarks xmlns="http://www.netbeans.org/ns/editor-bookmarks/2" lastBookmarkId="0"/>
    <open-files xmlns="http://www.netbeans.org/ns/projectui-open-files/2">
        <group>
            <file>file:/C:/Users/Ricardo%20Freire/Documents/Trabajos/2ciclo/ConceptosFundamentalesDeProgramacion/GitClassroomB2/clase1-2bim-ricardoifc/javaapplication75/src/javaapplication75/ArregloSeis.java</file>
            <file>file:/C:/Users/Ricardo%20Freire/Documents/Trabajos/2ciclo/ConceptosFundamentalesDeProgramacion/GitClassroomB2/clase1-2bim-ricardoifc/javaapplication75/src/javaapplication75/ArregloUno.java</file>
            <file>file:/C:/Users/Ricardo%20Freire/Documents/Trabajos/2ciclo/ConceptosFundamentalesDeProgramacion/GitClassroomB2/clase1-2bim-ricardoifc/javaapplication75/src/javaapplication75/Ejemplo4.java</file>
            <file>file:/C:/Users/Ricardo%20Freire/Documents/Trabajos/2ciclo/ConceptosFundamentalesDeProgramacion/GitClassroomB2/clase1-2bim-ricardoifc/javaapplication75/src/javaapplication75/Ejemplo3.java</file>
            <file>file:/C:/Users/Ricardo%20Freire/Documents/Trabajos/2ciclo/ConceptosFundamentalesDeProgramacion/GitClassroomB2/clase1-2bim-ricardoifc/javaapplication75/src/javaapplication75/ArregloSiete.java</file>
            <file>file:/C:/Users/Ricardo%20Freire/Documents/Trabajos/2ciclo/ConceptosFundamentalesDeProgramacion/GitClassroomB2/clase1-2bim-ricardoifc/javaapplication75/src/javaapplication75/Ejemplo31.java</file>
            <file>file:/C:/Users/Ricardo%20Freire/Documents/Trabajos/2ciclo/ConceptosFundamentalesDeProgramacion/GitClassroomB2/clase1-2bim-ricardoifc/javaapplication75/src/javaapplication75/ArregloTres.java</file>
        </group>
    </open-files>
</project-private>
