<?xml version="1.0" encoding="UTF-8"?>
<project-private xmlns="http://www.netbeans.org/ns/project-private/1">
    <editor-bookmarks xmlns="http://www.netbeans.org/ns/editor-bookmarks/2" lastBookmarkId="0"/>
    <open-files xmlns="http://www.netbeans.org/ns/projectui-open-files/2">
        <group>
            <file>file:/home/reroes/Documentos/clasesUTPL19-1/cfprogramacion/clase3/Ejercicios3/src/paquete2/Clase2.java</file>
            <file>file:/home/reroes/Documentos/clasesUTPL19-1/cfprogramacion/clase3/Ejercicios3/src/paquete2/Clase23.java</file>
            <file>file:/home/reroes/Documentos/clasesUTPL19-1/cfprogramacion/clase3/Ejercicios3/src/paqueteprincipal/ClasePrincipal.java</file>
            <file>file:/home/reroes/Documentos/clasesUTPL19-1/cfprogramacion/clase3/Ejercicios3/src/ejercicios3/Ejercicios3.java</file>
            <file>file:/home/reroes/Documentos/clasesUTPL19-1/cfprogramacion/clase3/Ejercicios3/src/paquete2/Clase22.java</file>
            <file>file:/home/reroes/Documentos/clasesUTPL19-1/cfprogramacion/clase3/Ejercicios3/src/paquete1/Clase1.java</file>
            <file>file:/home/reroes/Documentos/clasesUTPL19-1/cfprogramacion/clase3/Ejercicios3/src/paquete2/Clase21.java</file>
            <file>file:/home/reroes/Documentos/clasesUTPL19-1/cfprogramacion/clase3/Ejercicios3/src/paquete2/Clase24.java</file>
        </group>
    </open-files>
</project-private>
