<?xml version="1.0" encoding="UTF-8"?>
<project-private xmlns="http://www.netbeans.org/ns/project-private/1">
    <editor-bookmarks xmlns="http://www.netbeans.org/ns/editor-bookmarks/2" lastBookmarkId="0"/>
    <open-files xmlns="http://www.netbeans.org/ns/projectui-open-files/2">
        <group>
            <file>file:/C:/Users/Ricardo%20Freire/Documents/Trabajos/2ciclo/ConceptosFundamentalesDeProgramacion/GitClassroom/laboratorio1-bimestre1-ricardoifc/laboratorio1/src/laboratorio1/Problema3.java</file>
            <file>file:/C:/Users/Ricardo%20Freire/Documents/Trabajos/2ciclo/ConceptosFundamentalesDeProgramacion/GitClassroom/laboratorio1-bimestre1-ricardoifc/laboratorio1/src/laboratorio1/Problema1.java</file>
            <file>file:/C:/Users/Ricardo%20Freire/Documents/Trabajos/2ciclo/ConceptosFundamentalesDeProgramacion/GitClassroom/laboratorio1-bimestre1-ricardoifc/laboratorio1/src/paquete1/MiClase1.java</file>
            <file>file:/C:/Users/Ricardo%20Freire/Documents/Trabajos/2ciclo/ConceptosFundamentalesDeProgramacion/GitClassroom/laboratorio1-bimestre1-ricardoifc/laboratorio1/src/paquete2/MiClase2.java</file>
            <file>file:/C:/Users/Ricardo%20Freire/Documents/Trabajos/2ciclo/ConceptosFundamentalesDeProgramacion/GitClassroom/laboratorio1-bimestre1-ricardoifc/laboratorio1/src/paquete3/MiClase3.java</file>
            <file>file:/C:/Users/Ricardo%20Freire/Documents/Trabajos/2ciclo/ConceptosFundamentalesDeProgramacion/GitClassroom/laboratorio1-bimestre1-ricardoifc/laboratorio1/src/paqueteprincipal/Principal.java</file>
            <file>file:/C:/Users/Ricardo%20Freire/Documents/Trabajos/2ciclo/ConceptosFundamentalesDeProgramacion/GitClassroom/laboratorio1-bimestre1-ricardoifc/laboratorio1/src/laboratorio1/Problema2.java</file>
        </group>
    </open-files>
</project-private>
