[
    {
        "employee": {
            "firstName": "Lokesh",
            "lastName": "Gupta",
            "website": "howtodoinjava.com"
        }
    },
    {
        "employee": {
            "firstName": "Brian",
            "lastName": "Schultz",
            "website": "example.com"
        }
    },
    {
        "employee": {
            "firstName": "Luis",
            "lastName": "Sanchez",
            "website": "feibuk.com"
        }
    },
    {
        "employee": {
            "firstName": "young",
            "lastName": "lean",
            "website": "younglean.com"
        }
    },
    {
        "employee": {
            "firstName": "Elbrian",
            "lastName": ":v",
            "website": "ElbrianFlow.com"
        }
    },
    {
        "employee": {
            "firstName": "eeeeeeeeeeeooo",
            "lastName": "eeeeeeeeeeooooooo",
            "website": "eeeeeeeeeeeeoooooooooo.com"
        }
    }

]
