<?xml version="1.0" encoding="UTF-8"?>
<project-private xmlns="http://www.netbeans.org/ns/project-private/1">
    <editor-bookmarks xmlns="http://www.netbeans.org/ns/editor-bookmarks/2" lastBookmarkId="0"/>
    <open-files xmlns="http://www.netbeans.org/ns/projectui-open-files/2">
        <group>
            <file>file:/C:/Users/Salas/Documents/clase/practica2do-170619-ricardoifc/JavaApplication50/src/javaapplication50/LecturaJson.java</file>
            <file>file:/C:/Users/Salas/Documents/clase/practica2do-170619-ricardoifc/JavaApplication50/src/javaapplication50/Principal.java</file>
        </group>
    </open-files>
</project-private>
