<?xml version="1.0" encoding="UTF-8"?>
<project-private xmlns="http://www.netbeans.org/ns/project-private/1">
    <editor-bookmarks xmlns="http://www.netbeans.org/ns/editor-bookmarks/2" lastBookmarkId="0"/>
    <open-files xmlns="http://www.netbeans.org/ns/projectui-open-files/2">
        <group>
            <file>file:/C:/Users/Ricardo%20Freire/Documents/Trabajos/2ciclo/ConceptosFundamentalesDeProgramacion/GitClassroomB2/clase2-2do-ricardoifc/Archivos/src/manejoArrayList/DemoEstructurasDos.java</file>
            <file>file:/C:/Users/Ricardo%20Freire/Documents/Trabajos/2ciclo/ConceptosFundamentalesDeProgramacion/GitClassroomB2/clase2-2do-ricardoifc/Archivos/src/manejoarreglosbidimensionales/Ejercicio1.java</file>
            <file>file:/C:/Users/Ricardo%20Freire/Documents/Trabajos/2ciclo/ConceptosFundamentalesDeProgramacion/GitClassroomB2/clase2-2do-ricardoifc/Archivos/src/manejoArrayList/EstructuraArrayList.java</file>
            <file>file:/C:/Users/Ricardo%20Freire/Documents/Trabajos/2ciclo/ConceptosFundamentalesDeProgramacion/GitClassroomB2/clase2-2do-ricardoifc/Archivos/src/manejoarreglosbidimensionales/Ejercicio10.java</file>
            <file>file:/C:/Users/Ricardo%20Freire/Documents/Trabajos/2ciclo/ConceptosFundamentalesDeProgramacion/GitClassroomB2/clase2-2do-ricardoifc/Archivos/src/manejoArrayList/DemoEstructuras.java</file>
        </group>
    </open-files>
</project-private>
