<?xml version="1.0" encoding="UTF-8"?>
<project-private xmlns="http://www.netbeans.org/ns/project-private/1">
    <editor-bookmarks xmlns="http://www.netbeans.org/ns/editor-bookmarks/2" lastBookmarkId="0"/>
    <open-files xmlns="http://www.netbeans.org/ns/projectui-open-files/2">
        <group>
            <file>file:/C:/Users/Ricardo%20Freire/Documents/Trabajos/2ciclo/ConceptosFundamentalesDeProgramacion/GitClassroomB2/laboratorio2-segundobimestre-ricardoifc/ManejoArreglosLaboratorio/src/manejodata/Principal.java</file>
            <file>file:/C:/Users/Ricardo%20Freire/Documents/Trabajos/2ciclo/ConceptosFundamentalesDeProgramacion/GitClassroomB2/laboratorio2-segundobimestre-ricardoifc/ManejoArreglosLaboratorio/src/manejodata/Operacion.java</file>
        </group>
    </open-files>
</project-private>
