<?xml version="1.0" encoding="UTF-8"?>
<project-private xmlns="http://www.netbeans.org/ns/project-private/1">
    <editor-bookmarks xmlns="http://www.netbeans.org/ns/editor-bookmarks/2" lastBookmarkId="0"/>
    <open-files xmlns="http://www.netbeans.org/ns/projectui-open-files/2">
        <group>
            <file>file:/C:/Users/Salas/Documents/NetBeansProjects/Clase080719/src/paquete1/NuevaClase.java</file>
            <file>file:/C:/Users/Salas/Documents/NetBeansProjects/Clase080719/src/paquete3/Potencia.java</file>
            <file>file:/C:/Users/Salas/Documents/NetBeansProjects/Clase080719/src/paquete2/SumaNumeros.java</file>
            <file>file:/C:/Users/Salas/Documents/NetBeansProjects/Clase080719/src/paquete2/Principal.java</file>
            <file>file:/C:/Users/Salas/Documents/NetBeansProjects/Clase080719/src/paquete3/Principal.java</file>
            <file>file:/C:/Users/Salas/Documents/NetBeansProjects/Clase080719/src/paquete4/Principal.java</file>
            <file>file:/C:/Users/Salas/Documents/NetBeansProjects/Clase080719/src/paquete4/TamArreglo.java</file>
            <file>file:/C:/Users/Salas/Documents/NetBeansProjects/Clase080719/src/paquete1/Principal.java</file>
        </group>
    </open-files>
</project-private>
